,year,constructorId,constructorName,index,constructorResultsId,raceId,points,rank,pointsPct
922,2022,9,Red Bull,265225,364225,23865,759.0,1,32.297872340425535
921,2022,6,Ferrari,265245,364245,23865,554.0,2,23.574468085106385
925,2022,131,Mercedes,265247,364247,23865,515.0,3,21.914893617021278
928,2022,214,Alpine F1 Team,265302,364302,23865,173.0,4,7.361702127659575
919,2022,1,McLaren,265309,364309,23865,159.0,5,6.765957446808511
923,2022,51,Alfa Romeo,265341,364341,23865,55.0,6,2.3404255319148937
924,2022,117,Aston Martin,265336,364336,23865,55.0,6,2.3404255319148937
926,2022,210,Haas F1 Team,265372,364372,23865,37.0,7,1.574468085106383
927,2022,213,AlphaTauri,265342,364342,23865,35.0,8,1.4893617021276597
920,2022,3,Williams,265371,364371,23865,8.0,9,0.3404255319148936
915,2021,131,Mercedes,260395,359395,23358,613.5,1,27.791619479048695
912,2021,9,Red Bull,260396,359396,23358,585.5,2,26.52321630804077
911,2021,6,Ferrari,260434,359434,23358,323.5,3,14.65458663646659
909,2021,1,McLaren,260443,359443,23358,275.0,4,12.457531143827861
918,2021,214,Alpine F1 Team,260473,359473,23358,155.0,5,7.021517553793885
917,2021,213,AlphaTauri,260466,359466,23358,142.0,6,6.432616081540204
914,2021,117,Aston Martin,260474,359474,23358,77.0,7,3.488108720271801
910,2021,3,Williams,260530,359530,23358,23.0,8,1.0419026047565119
913,2021,51,Alfa Romeo,260519,359519,23358,13.0,9,0.5889014722536806
916,2021,210,Haas F1 Team,260560,359560,23358,0.0,10,0.0
905,2020,131,Mercedes,197890,274390,17663,573.0,1,33.04498269896194
903,2020,9,Red Bull,197922,274422,17663,319.0,2,18.396770472895042
907,2020,211,Racing Point,197938,274438,17663,210.0,3,12.110726643598616
899,2020,1,McLaren,197940,274440,17663,202.0,4,11.649365628604382
901,2020,4,Renault,197939,274439,17663,181.0,5,10.438292964244521
902,2020,6,Ferrari,197958,274458,17663,131.0,6,7.554786620530566
908,2020,213,AlphaTauri,197953,274453,17663,107.0,7,6.170703575547866
904,2020,51,Alfa Romeo,197996,274496,17663,8.0,8,0.461361014994233
906,2020,210,Haas F1 Team,198014,274514,17663,3.0,9,0.17301038062283738
900,2020,3,Williams,198015,274515,17663,0.0,10,0.0
896,2019,131,Mercedes,240468,334968,21420,739.0,1,34.53271028037383
893,2019,6,Ferrari,240481,334981,21420,504.0,2,23.551401869158877
894,2019,9,Red Bull,240481,334981,21420,417.0,3,19.485981308411215
889,2019,1,McLaren,240539,335039,21420,145.0,4,6.775700934579438
891,2019,4,Renault,240556,335056,21420,91.0,5,4.252336448598131
892,2019,5,Toro Rosso,240564,335064,21420,85.0,6,3.9719626168224296
898,2019,211,Racing Point,240556,335056,21420,73.0,7,3.411214953271028
895,2019,51,Alfa Romeo,240573,335073,21420,57.0,8,2.663551401869159
897,2019,210,Haas F1 Team,240596,335096,21420,28.0,9,1.3084112149532712
890,2019,3,Williams,240631,335131,21420,1.0,10,0.04672897196261683
887,2018,131,Mercedes,236097,330561,20979,655.0,1,30.88165959453088
883,2018,6,Ferrari,235292,330561,20979,571.0,2,26.921263554926924
884,2018,9,Red Bull,235151,330582,20979,419.0,3,19.754832626119757
881,2018,4,Renault,236168,330632,20979,122.0,4,5.752003771805752
885,2018,10,Force India,236182,330646,20979,111.0,5,5.233380480905233
888,2018,210,Haas F1 Team,236184,330648,20979,93.0,6,4.384724186704385
879,2018,1,McLaren,236205,330669,20979,62.0,7,2.923149457802923
886,2018,15,Sauber,236197,330661,20979,48.0,8,2.263083451202263
882,2018,5,Toro Rosso,236213,330677,20979,33.0,9,1.5558698727015559
880,2018,3,Williams,236244,330708,20979,7.0,10,0.33003300330033003
877,2017,131,Mercedes,220741,310701,19570,668.0,1,33.069306930693074
873,2017,6,Ferrari,220761,310721,19570,522.0,2,25.84158415841584
874,2017,9,Red Bull,220762,310722,19570,368.0,3,18.217821782178216
875,2017,10,Force India,220811,310771,19570,187.0,4,9.257425742574258
870,2017,3,Williams,220832,310792,19570,83.0,5,4.108910891089109
871,2017,4,Renault,220843,310803,19570,57.0,6,2.821782178217822
872,2017,5,Toro Rosso,220858,310818,19570,53.0,7,2.623762376237624
878,2017,210,Haas F1 Team,220851,310811,19570,47.0,8,2.3267326732673266
869,2017,1,McLaren,220867,310827,19570,30.0,9,1.4851485148514851
876,2017,15,Sauber,220894,310854,19570,5.0,10,0.24752475247524752
866,2016,131,Mercedes,227231,321689,20118,765.0,1,36.06789250353607
863,2016,9,Red Bull,227256,321714,20118,468.0,2,22.065063649222065
862,2016,6,Ferrari,227255,321713,20118,398.0,3,18.764733616218766
864,2016,10,Force India,227311,321769,20118,173.0,4,8.156529938708157
859,2016,3,Williams,227310,321768,20118,138.0,5,6.506364922206506
858,2016,1,McLaren,227326,321784,20118,76.0,6,3.583215464403583
861,2016,5,Toro Rosso,227344,321802,20118,63.0,7,2.9702970297029703
868,2016,210,Haas F1 Team,227357,321815,20118,29.0,8,1.3672795851013673
860,2016,4,Renault,227382,321840,20118,8.0,9,0.3771805752003772
865,2016,15,Sauber,227389,321847,20118,2.0,10,0.0942951438000943
867,2016,209,Manor Marussia,227414,321872,20118,1.0,11,0.04714757190004715
854,2015,131,Mercedes,201535,286997,17775,703.0,1,36.633663366336634
850,2015,6,Ferrari,201558,287020,17775,428.0,2,22.303282959874934
848,2015,3,Williams,201587,287049,17775,257.0,3,13.392391870766025
851,2015,9,Red Bull,201598,287060,17775,187.0,4,9.744658676393955
852,2015,10,Force India,201607,287069,17775,136.0,5,7.087024491922876
856,2015,208,Lotus F1,201627,287089,17775,78.0,6,4.064616988014591
849,2015,5,Toro Rosso,201634,287096,17775,67.0,7,3.491401771756123
853,2015,15,Sauber,201643,287105,17775,36.0,8,1.8759770713913497
847,2015,1,McLaren,201658,287120,17775,27.0,9,1.4069828035435124
855,2015,206,Marussia,42686,60678,3766,0.0,10,0.0
857,2015,209,Manor Marussia,191176,272140,16849,0.0,10,0.0
843,2014,131,Mercedes,197771,283252,17271,701.0,1,34.7029702970297
840,2014,9,Red Bull,197798,283279,17271,405.0,2,20.049504950495052
837,2014,3,Williams,197815,283296,17271,320.0,3,15.841584158415841
839,2014,6,Ferrari,197827,283308,17271,216.0,4,10.693069306930694
836,2014,1,McLaren,197844,283325,17271,181.0,5,8.96039603960396
841,2014,10,Force India,197851,283332,17271,155.0,6,7.673267326732673
838,2014,5,Toro Rosso,197883,283364,17271,30.0,7,1.4851485148514851
846,2014,208,Lotus F1,197900,283381,17271,10.0,8,0.49504950495049505
844,2014,206,Marussia,166417,238401,14520,2.0,9,0.09900990099009901
842,2014,15,Sauber,197917,283398,17271,0.0,10,0.0
845,2014,207,Caterham,176935,253418,15438,0.0,10,0.0
829,2013,9,Red Bull,193735,279216,16901,596.0,1,31.057842626367897
832,2013,131,Mercedes,193763,279244,16901,360.0,2,18.759770713913497
828,2013,6,Ferrari,193763,279244,16901,354.0,3,18.447107868681606
835,2013,208,Lotus F1,193771,279252,16901,315.0,4,16.41479937467431
825,2013,1,McLaren,193811,279292,16901,122.0,5,6.357477853048462
830,2013,10,Force India,193834,279315,16901,77.0,6,4.012506513809275
831,2013,15,Sauber,193832,279313,16901,57.0,7,2.9702970297029703
827,2013,5,Toro Rosso,193842,279323,16901,33.0,8,1.7196456487754037
826,2013,3,Williams,193859,279340,16901,5.0,9,0.26055237102657636
833,2013,206,Marussia,193901,279382,16901,0.0,10,0.0
834,2013,207,Caterham,193898,279379,16901,0.0,10,0.0
817,2012,9,Red Bull,199455,289423,17390,460.0,1,22.772277227722775
816,2012,6,Ferrari,199458,289424,17390,400.0,2,19.801980198019802
813,2012,1,McLaren,199463,289429,17390,378.0,3,18.712871287128714
824,2012,208,Lotus F1,199477,289443,17390,303.0,4,15.0
820,2012,131,Mercedes,199518,289484,17390,142.0,5,7.029702970297031
819,2012,15,Sauber,199521,289487,17390,126.0,6,6.237623762376238
818,2012,10,Force India,199519,289485,17390,109.0,7,5.396039603960396
814,2012,3,Williams,199549,289515,17390,76.0,8,3.762376237623762
815,2012,5,Toro Rosso,199559,289525,17390,26.0,9,1.2871287128712872
821,2012,164,HRT,189770,275238,16530,0.0,10,0.0
822,2012,206,Marussia,199615,289581,17390,0.0,10,0.0
823,2012,207,Caterham,199599,289565,17390,0.0,10,0.0
806,2011,9,Red Bull,185033,270495,16150,650.0,1,33.87180823345493
801,2011,1,McLaren,185040,270502,16150,497.0,2,25.89890568004169
805,2011,6,Ferrari,185058,270520,16150,375.0,3,19.541427826993228
809,2011,131,Mercedes,185098,270560,16150,165.0,4,8.598228243877019
803,2011,4,Renault,185122,270584,16150,73.0,5,3.804064616988015
807,2011,10,Force India,185122,270584,16150,69.0,6,3.595622720166754
808,2011,15,Sauber,185129,270591,16150,44.0,7,2.2928608650338718
804,2011,5,Toro Rosso,185141,270603,16150,41.0,8,2.136529442417926
802,2011,3,Williams,185166,270628,16150,5.0,9,0.26055237102657636
810,2011,164,HRT,186603,272065,16150,0.0,10,0.0
811,2011,166,Virgin,185205,270667,16150,0.0,10,0.0
812,2011,205,Lotus,185192,270654,16150,0.0,10,0.0
794,2010,9,Red Bull,180739,266182,6574,498.0,1,25.951016154247004
789,2010,1,McLaren,180738,266181,6574,454.0,2,23.65815528921313
793,2010,6,Ferrari,180750,266193,6574,396.0,3,20.635747785304847
797,2010,131,Mercedes,180769,266212,6574,214.0,4,11.151641479937467
791,2010,4,Renault,180783,266226,6574,163.0,5,8.494007295466389
790,2010,3,Williams,180813,266256,6574,69.0,6,3.595622720166754
795,2010,10,Force India,180817,266260,6574,68.0,7,3.543512245961438
796,2010,15,Sauber,180847,266290,6574,44.0,8,2.2928608650338718
792,2010,5,Toro Rosso,180833,266276,6574,13.0,9,0.6774361646690985
798,2010,164,HRT,180899,266342,6574,0.0,10,0.0
799,2010,166,Virgin,180893,266336,6574,0.0,10,0.0
800,2010,205,Lotus,180881,266324,6574,0.0,10,0.0
788,2009,23,Brawn,70130,70702,153,172.0,1,26.728826728826725
786,2009,9,Red Bull,70136,70708,153,153.5,2,23.853923853923853
779,2009,1,McLaren,70165,70737,153,71.0,3,11.033411033411033
784,2009,6,Ferrari,70162,70734,153,70.0,4,10.878010878010878
785,2009,7,Toyota,70174,70746,153,59.5,5,9.246309246309247
780,2009,2,BMW Sauber,70188,70760,153,36.0,6,5.594405594405594
781,2009,3,Williams,70184,70756,153,34.5,7,5.361305361305361
782,2009,4,Renault,70192,70764,153,26.0,8,4.040404040404041
787,2009,10,Force India,70218,70790,153,13.0,9,2.0202020202020203
783,2009,5,Toro Rosso,70226,70798,153,8.0,10,1.2432012432012431
773,2008,6,Ferrari,1624,1642,477,172.0,1,24.501424501424502
768,2008,1,McLaren,1622,1640,477,151.0,2,21.50997150997151
769,2008,2,BMW Sauber,1631,1649,477,135.0,3,19.230769230769234
771,2008,4,Renault,1662,1680,477,80.0,4,11.396011396011396
774,2008,7,Toyota,1667,1685,477,56.0,5,7.977207977207977
772,2008,5,Toro Rosso,1693,1711,477,39.0,6,5.555555555555555
776,2008,9,Red Bull,1681,1699,477,29.0,7,4.131054131054131
770,2008,3,Williams,1698,1716,477,26.0,8,3.7037037037037033
778,2008,11,Honda,1714,1732,477,14.0,9,1.9943019943019942
775,2008,8,Super Aguri,100,104,78,0.0,10,0.0
777,2008,10,Force India,1744,1762,477,0.0,10,0.0
757,2007,1,McLaren,4633,4650,748,218.0,1,32.880844645550525
762,2007,6,Ferrari,4636,4653,748,204.0,2,30.76923076923077
758,2007,2,BMW Sauber,4668,4685,748,101.0,3,15.233785822021115
760,2007,4,Renault,4691,4708,748,51.0,4,7.6923076923076925
759,2007,3,Williams,4701,4718,748,33.0,5,4.97737556561086
765,2007,9,Red Bull,4716,4733,748,24.0,6,3.619909502262444
763,2007,7,Toyota,4728,4745,748,13.0,7,1.9607843137254901
761,2007,5,Toro Rosso,4762,4779,748,8.0,8,1.206636500754148
766,2007,11,Honda,4735,4752,748,6.0,9,0.904977375565611
764,2007,8,Super Aguri,4753,4770,748,4.0,10,0.603318250377074
767,2007,12,Spyker,4776,4793,748,1.0,11,0.1508295625942685
748,2006,4,Renault,8383,8401,1107,206.0,1,29.34472934472934
750,2006,6,Ferrari,8387,8405,1107,201.0,2,28.63247863247863
745,2006,1,McLaren,8405,8423,1107,110.0,3,15.669515669515668
754,2006,11,Honda,8420,8438,1107,86.0,4,12.250712250712251
746,2006,2,BMW Sauber,8447,8465,1107,36.0,5,5.128205128205128
751,2006,7,Toyota,8452,8470,1107,35.0,6,4.985754985754986
753,2006,9,Red Bull,8470,8488,1107,16.0,7,2.2792022792022792
747,2006,3,Williams,8481,8499,1107,11.0,8,1.566951566951567
749,2006,5,Toro Rosso,8484,8502,1107,1.0,9,0.14245014245014245
752,2006,8,Super Aguri,8521,8539,1107,0.0,10,0.0
755,2006,13,MF1,6309,6323,833,0.0,10,0.0
756,2006,14,Spyker MF1,2202,2206,274,0.0,10,0.0
737,2005,4,Renault,12523,12542,1520,191.0,1,25.880758807588077
735,2005,1,McLaren,12516,12535,1520,182.0,2,24.661246612466126
738,2005,6,Ferrari,12558,12577,1520,100.0,3,13.550135501355012
739,2005,7,Toyota,12559,12578,1520,88.0,4,11.924119241192411
736,2005,3,Williams,12577,12596,1520,66.0,5,8.94308943089431
742,2005,16,BAR,11350,11367,1369,38.0,6,5.149051490514905
740,2005,9,Red Bull,12598,12617,1520,34.0,7,4.607046070460704
741,2005,15,Sauber,12597,12616,1520,20.0,8,2.710027100271003
743,2005,17,Jordan,12628,12647,1520,12.0,9,1.6260162601626018
744,2005,18,Minardi,12644,12663,1520,7.0,10,0.9485094850948509
728,2004,6,Ferrari,15161,15179,1773,262.0,1,37.32193732193732
731,2004,16,BAR,15193,15211,1773,119.0,2,16.951566951566953
727,2004,4,Renault,15207,15225,1773,105.0,3,14.957264957264957
726,2004,3,Williams,15218,15236,1773,88.0,4,12.535612535612536
725,2004,1,McLaren,15228,15246,1773,69.0,5,9.82905982905983
730,2004,15,Sauber,15237,15255,1773,34.0,6,4.843304843304843
734,2004,19,Jaguar,15260,15278,1773,10.0,7,1.4245014245014245
729,2004,7,Toyota,15270,15288,1773,9.0,8,1.282051282051282
732,2004,17,Jordan,15290,15308,1773,5.0,9,0.7122507122507122
733,2004,18,Minardi,15306,15324,1773,1.0,10,0.14245014245014245
718,2003,6,Ferrari,16215,16231,1848,158.0,1,25.320512820512818
716,2003,3,Williams,16224,16240,1848,144.0,2,23.076923076923077
715,2003,1,McLaren,16226,16242,1848,142.0,3,22.756410256410255
717,2003,4,Renault,16240,16256,1848,88.0,4,14.102564102564102
721,2003,16,BAR,16270,16286,1848,26.0,5,4.166666666666666
720,2003,15,Sauber,16281,16297,1848,19.0,6,3.0448717948717947
724,2003,19,Jaguar,16283,16299,1848,18.0,7,2.8846153846153846
719,2003,7,Toyota,16285,16301,1848,16.0,8,2.564102564102564
722,2003,17,Jordan,16298,16314,1848,13.0,9,2.083333333333333
723,2003,18,Minardi,16318,16334,1848,0.0,10,0.0
707,2002,6,Ferrari,20137,20154,2244,221.0,1,50.0
705,2002,3,Williams,20167,20184,2244,92.0,2,20.81447963800905
703,2002,1,McLaren,20177,20194,2244,65.0,3,14.705882352941178
706,2002,4,Renault,20212,20229,2244,23.0,4,5.203619909502263
709,2002,15,Sauber,20228,20245,2244,11.0,5,2.48868778280543
711,2002,17,Jordan,20232,20249,2244,9.0,6,2.0361990950226243
713,2002,19,Jaguar,20241,20258,2244,8.0,7,1.809954751131222
710,2002,16,BAR,20233,20250,2244,7.0,8,1.583710407239819
708,2002,7,Toyota,20248,20265,2244,2.0,9,0.4524886877828055
712,2002,18,Minardi,20272,20289,2244,2.0,9,0.4524886877828055
714,2002,21,Arrows,13978,13990,1554,2.0,9,0.4524886877828055
704,2002,2,BMW Sauber,3017,3018,124,0.0,10,0.0
694,2001,6,Ferrari,23248,23265,2533,179.0,1,40.497737556561084
692,2001,1,McLaren,23277,23294,2533,102.0,2,23.076923076923077
693,2001,3,Williams,23297,23314,2533,80.0,3,18.099547511312217
695,2001,15,Sauber,23321,23338,2533,21.0,4,4.751131221719457
697,2001,17,Jordan,23323,23340,2533,19.0,5,4.298642533936651
696,2001,16,BAR,23317,23334,2533,17.0,6,3.8461538461538463
702,2001,22,Benetton,23349,23366,2533,10.0,7,2.262443438914027
699,2001,19,Jaguar,23346,23363,2533,9.0,8,2.0361990950226243
700,2001,20,Prost,23343,23360,2533,4.0,9,0.904977375565611
701,2001,21,Arrows,23361,23378,2533,1.0,10,0.22624434389140274
698,2001,18,Minardi,23382,23399,2533,0.0,11,0.0
683,2000,6,Ferrari,26425,26442,2822,170.0,1,38.46153846153847
681,2000,1,McLaren,26444,26461,2822,162.0,2,36.65158371040724
682,2000,3,Williams,26493,26510,2822,36.0,3,8.144796380090497
685,2000,16,BAR,26492,26509,2822,20.0,4,4.524886877828054
691,2000,22,Benetton,26500,26517,2822,20.0,4,4.524886877828054
686,2000,17,Jordan,26514,26531,2822,17.0,5,3.8461538461538463
690,2000,21,Arrows,26537,26554,2822,7.0,6,1.583710407239819
684,2000,15,Sauber,26505,26522,2822,6.0,7,1.3574660633484164
688,2000,19,Jaguar,26523,26540,2822,4.0,8,0.904977375565611
687,2000,18,Minardi,26546,26563,2822,0.0,9,0.0
689,2000,20,Prost,26554,26571,2822,0.0,9,0.0
672,1999,6,Ferrari,27788,27804,2920,128.0,1,30.76923076923077
670,1999,1,McLaren,27793,27809,2920,124.0,2,29.807692307692307
675,1999,17,Jordan,27812,27828,2920,61.0,3,14.663461538461538
680,1999,24,Stewart,27844,27860,2920,36.0,4,8.653846153846153
671,1999,3,Williams,27830,27846,2920,35.0,5,8.413461538461538
679,1999,22,Benetton,27852,27868,2920,16.0,6,3.8461538461538463
677,1999,20,Prost,27865,27881,2920,9.0,7,2.1634615384615383
673,1999,15,Sauber,27873,27889,2920,5.0,8,1.201923076923077
676,1999,18,Minardi,27886,27902,2920,1.0,9,0.2403846153846154
678,1999,21,Arrows,27900,27916,2920,1.0,9,0.2403846153846154
674,1999,16,BAR,27885,27901,2920,0.0,10,0.0
659,1998,1,McLaren,30604,30620,3176,156.0,1,37.5
661,1998,6,Ferrari,30605,30621,3176,133.0,2,31.971153846153843
660,1998,3,Williams,30632,30648,3176,38.0,3,9.134615384615383
663,1998,17,Jordan,30648,30664,3176,34.0,4,8.173076923076923
667,1998,22,Benetton,30644,30660,3176,33.0,5,7.9326923076923075
662,1998,15,Sauber,30654,30670,3176,10.0,6,2.403846153846154
666,1998,21,Arrows,30706,30722,3176,6.0,7,1.4423076923076923
668,1998,24,Stewart,30704,30720,3176,5.0,8,1.201923076923077
665,1998,20,Prost,30694,30710,3176,1.0,9,0.2403846153846154
664,1998,18,Minardi,30705,30721,3176,0.0,10,0.0
669,1998,25,Tyrrell,30708,30724,3176,0.0,10,0.0
648,1997,3,Williams,35628,35645,3655,123.0,1,27.828054298642535
649,1997,6,Ferrari,35639,35656,3655,102.0,2,23.076923076923077
655,1997,22,Benetton,35642,35659,3655,67.0,3,15.158371040723981
647,1997,1,McLaren,35664,35681,3655,63.0,4,14.25339366515837
651,1997,17,Jordan,35671,35688,3655,33.0,5,7.46606334841629
653,1997,20,Prost,35685,35702,3655,21.0,6,4.751131221719457
650,1997,15,Sauber,35676,35693,3655,16.0,7,3.619909502262444
654,1997,21,Arrows,35712,35729,3655,9.0,8,2.0361990950226243
656,1997,24,Stewart,35733,35750,3655,6.0,9,1.3574660633484164
657,1997,25,Tyrrell,35722,35739,3655,2.0,10,0.4524886877828055
652,1997,18,Minardi,35730,35747,3655,0.0,11,0.0
658,1997,26,Lola,2016,2017,207,0.0,11,0.0
637,1996,3,Williams,36406,36422,3704,175.0,1,42.06730769230769
638,1996,6,Ferrari,36442,36458,3704,70.0,2,16.826923076923077
642,1996,22,Benetton,36425,36441,3704,68.0,3,16.346153846153847
636,1996,1,McLaren,36440,36456,3704,49.0,4,11.778846153846153
640,1996,17,Jordan,36469,36485,3704,22.0,5,5.288461538461538
644,1996,27,Ligier,36474,36490,3704,15.0,6,3.6057692307692304
639,1996,15,Sauber,36490,36506,3704,11.0,7,2.644230769230769
643,1996,25,Tyrrell,36496,36512,3704,5.0,8,1.201923076923077
646,1996,29,Footwork,36507,36523,3704,1.0,9,0.2403846153846154
641,1996,18,Minardi,36517,36533,3704,0.0,10,0.0
645,1996,28,Forti,22509,22519,2285,0.0,10,0.0
629,1995,22,Benetton,41893,41910,4216,147.0,1,33.257918552036195
624,1995,3,Williams,41910,41927,4216,118.0,2,26.69683257918552
625,1995,6,Ferrari,41930,41947,4216,73.0,3,16.515837104072396
623,1995,1,McLaren,41961,41978,4216,30.0,4,6.787330316742081
631,1995,27,Ligier,41943,41960,4216,24.0,5,5.429864253393665
627,1995,17,Jordan,41975,41992,4216,21.0,6,4.751131221719457
626,1995,15,Sauber,41963,41980,4216,18.0,7,4.072398190045249
630,1995,25,Tyrrell,41981,41998,4216,5.0,8,1.1312217194570136
633,1995,29,Footwork,42003,42020,4216,5.0,8,1.1312217194570136
628,1995,18,Minardi,41993,42010,4216,1.0,9,0.22624434389140274
632,1995,28,Forti,42020,42037,4216,0.0,10,0.0
634,1995,30,Pacific,42037,42054,4216,0.0,10,0.0
635,1995,31,Simtek,11994,11999,1210,0.0,10,0.0
610,1994,3,Williams,42869,42885,4232,118.0,1,28.365384615384613
615,1994,22,Benetton,42869,42885,4232,103.0,2,24.759615384615387
611,1994,6,Ferrari,42885,42901,4232,71.0,3,17.067307692307693
609,1994,1,McLaren,42909,42925,4232,42.0,4,10.096153846153847
613,1994,17,Jordan,42916,42932,4232,28.0,5,6.730769230769231
616,1994,25,Tyrrell,42940,42956,4232,13.0,6,3.125
617,1994,27,Ligier,42935,42951,4232,13.0,6,3.125
612,1994,15,Sauber,42956,42972,4232,12.0,7,2.8846153846153846
618,1994,29,Footwork,42945,42961,4232,9.0,8,2.1634615384615383
614,1994,18,Minardi,42951,42967,4232,5.0,9,1.201923076923077
622,1994,33,Larrousse,42969,42985,4232,2.0,10,0.4807692307692308
619,1994,30,Pacific,43031,43047,4232,0.0,11,0.0
620,1994,31,Simtek,42973,42989,4232,0.0,11,0.0
621,1994,32,Team Lotus,42956,42972,4232,0.0,11,0.0
597,1993,3,Williams,46301,46317,4488,168.0,1,40.38461538461539
596,1993,1,McLaren,46352,46368,4488,84.0,2,20.192307692307693
602,1993,22,Benetton,46346,46362,4488,72.0,3,17.307692307692307
598,1993,6,Ferrari,46375,46391,4488,28.0,4,6.730769230769231
605,1993,27,Ligier,46363,46379,4488,23.0,5,5.528846153846153
599,1993,15,Sauber,46397,46413,4488,12.0,6,2.8846153846153846
607,1993,32,Team Lotus,46407,46423,4488,12.0,6,2.8846153846153846
601,1993,18,Minardi,46400,46416,4488,7.0,7,1.6826923076923077
606,1993,29,Footwork,46419,46435,4488,4.0,8,0.9615384615384616
600,1993,17,Jordan,46426,46442,4488,3.0,9,0.7211538461538461
608,1993,33,Larrousse,46397,46413,4488,3.0,9,0.7211538461538461
603,1993,25,Tyrrell,46452,46468,4488,0.0,10,0.0
604,1993,26,Lola,40456,40470,3913,0.0,10,0.0
581,1992,3,Williams,49924,49940,4744,164.0,1,39.42307692307692
580,1992,1,McLaren,49937,49953,4744,99.0,2,23.798076923076923
585,1992,22,Benetton,49921,49937,4744,91.0,3,21.875
582,1992,6,Ferrari,50008,50024,4744,21.0,4,5.048076923076923
589,1992,32,Team Lotus,50008,50024,4744,13.0,5,3.125
586,1992,25,Tyrrell,50015,50031,4744,8.0,6,1.9230769230769231
587,1992,27,Ligier,50014,50030,4744,6.0,7,1.4423076923076923
588,1992,29,Footwork,49976,49992,4744,6.0,7,1.4423076923076923
594,1992,37,March,50044,50060,4744,3.0,8,0.7211538461538461
592,1992,35,Dallara,50006,50022,4744,2.0,9,0.4807692307692308
583,1992,17,Jordan,50044,50060,4744,1.0,10,0.2403846153846154
584,1992,18,Minardi,50035,50051,4744,1.0,10,0.2403846153846154
590,1992,33,Larrousse,50039,50055,4744,1.0,10,0.2403846153846154
591,1992,34,Brabham,34022,34033,3234,0.0,11,0.0
593,1992,36,Fondmetal,40385,40398,3835,0.0,11,0.0
595,1992,38,Andrea Moda,25007,25015,2368,0.0,11,0.0
561,1991,1,McLaren,54066,54082,5000,139.0,1,34.49131513647642
562,1991,3,Williams,54077,54093,5000,125.0,2,31.017369727047146
563,1991,6,Ferrari,54109,54125,5000,55.5,3,13.771712158808933
566,1991,22,Benetton,54099,54115,5000,38.5,4,9.553349875930522
564,1991,17,Jordan,54140,54156,5000,13.0,5,3.225806451612903
567,1991,25,Tyrrell,54169,54185,5000,12.0,6,2.977667493796526
565,1991,18,Minardi,54153,54169,5000,6.0,7,1.488833746898263
574,1991,35,Dallara,54174,54190,5000,5.0,8,1.240694789081886
571,1991,32,Team Lotus,54180,54196,5000,3.0,9,0.7444168734491315
573,1991,34,Brabham,54182,54198,5000,3.0,9,0.7444168734491315
568,1991,26,Lola,44171,44184,4069,1.0,10,0.24813895781637718
572,1991,33,Larrousse,10043,10046,931,1.0,10,0.24813895781637718
578,1991,41,Leyton House,54178,54194,5000,1.0,10,0.24813895781637718
569,1991,27,Ligier,54167,54183,5000,0.0,11,0.0
570,1991,29,Footwork,54243,54259,5000,0.0,11,0.0
575,1991,36,Fondmetal,54260,54276,5000,0.0,11,0.0
576,1991,39,AGS,47238,47252,4361,0.0,11,0.0
577,1991,40,Lambo,54257,54273,5000,0.0,11,0.0
579,1991,42,Coloni,50819,50834,4682,0.0,11,0.0
542,1990,1,McLaren,58743,58759,5256,121.0,1,30.25
544,1990,6,Ferrari,58757,58773,5256,110.0,2,27.500000000000004
547,1990,22,Benetton,58752,58768,5256,71.0,3,17.75
543,1990,3,Williams,58765,58781,5256,57.0,4,14.249999999999998
548,1990,25,Tyrrell,58802,58818,5256,16.0,5,4.0
551,1990,33,Larrousse,58824,58840,5256,11.0,6,2.75
555,1990,41,Leyton House,58851,58867,5256,7.0,7,1.7500000000000002
550,1990,32,Team Lotus,58838,58854,5256,3.0,8,0.75
546,1990,21,Arrows,58827,58843,5256,2.0,9,0.5
552,1990,34,Brabham,58865,58881,5256,2.0,9,0.5
545,1990,18,Minardi,58853,58869,5256,0.0,10,0.0
549,1990,27,Ligier,58833,58849,5256,0.0,10,0.0
553,1990,35,Dallara,58867,58883,5256,0.0,10,0.0
554,1990,39,AGS,58916,58932,5256,0.0,10,0.0
556,1990,42,Coloni,58970,58986,5256,0.0,10,0.0
557,1990,44,Euro Brun,51326,51340,4585,0.0,10,0.0
558,1990,45,Osella,58905,58921,5256,0.0,10,0.0
559,1990,46,Onyx,36248,36258,3255,0.0,10,0.0
560,1990,47,Life,51361,51375,4585,0.0,10,0.0
522,1989,1,McLaren,66137,66153,5816,141.0,1,35.25
523,1989,3,Williams,66165,66181,5816,77.0,2,19.25
524,1989,6,Ferrari,66196,66212,5816,59.0,3,14.75
527,1989,22,Benetton,66197,66213,5816,39.0,4,9.75
528,1989,25,Tyrrell,66214,66230,5816,16.0,5,4.0
530,1989,32,Team Lotus,66212,66228,5816,15.0,6,3.75
526,1989,21,Arrows,66201,66217,5816,13.0,7,3.25
532,1989,34,Brabham,66244,66260,5816,8.0,8,2.0
533,1989,35,Dallara,66235,66251,5816,8.0,8,2.0
525,1989,18,Minardi,66257,66273,5816,6.0,9,1.5
539,1989,46,Onyx,66290,66306,5816,6.0,9,1.5
534,1989,37,March,66254,66270,5816,4.0,10,1.0
529,1989,27,Ligier,66253,66269,5816,3.0,11,0.75
540,1989,48,Rial,66319,66335,5816,3.0,11,0.75
531,1989,33,Larrousse,66288,66304,5816,1.0,12,0.25
535,1989,39,AGS,66333,66349,5816,1.0,12,0.25
536,1989,42,Coloni,66357,66373,5816,0.0,13,0.0
537,1989,44,Euro Brun,66403,66419,5816,0.0,13,0.0
538,1989,45,Osella,66332,66348,5816,0.0,13,0.0
541,1989,49,Zakspeed,66393,66409,5816,0.0,13,0.0
504,1988,1,McLaren,70997,71013,6072,199.0,1,49.75
506,1988,6,Ferrari,71066,71082,6072,65.0,2,16.25
509,1988,22,Benetton,71040,71056,6072,39.0,3,9.75
508,1988,21,Arrows,71088,71104,6072,23.0,4,5.75
512,1988,32,Team Lotus,71091,71107,6072,23.0,4,5.75
515,1988,37,March,71079,71095,6072,22.0,5,5.5
505,1988,3,Williams,71114,71130,6072,20.0,6,5.0
510,1988,25,Tyrrell,71145,71161,6072,5.0,7,1.25
520,1988,48,Rial,71155,71171,6072,3.0,8,0.75
507,1988,18,Minardi,71136,71152,6072,1.0,9,0.25
511,1988,27,Ligier,71153,71169,6072,0.0,10,0.0
513,1988,33,Larrousse,71114,71130,6072,0.0,10,0.0
514,1988,35,Dallara,71167,71183,6072,0.0,10,0.0
516,1988,39,AGS,71165,71181,6072,0.0,10,0.0
517,1988,42,Coloni,71207,71223,6072,0.0,10,0.0
518,1988,44,Euro Brun,71174,71190,6072,0.0,10,0.0
519,1988,45,Osella,71218,71234,6072,0.0,10,0.0
521,1988,49,Zakspeed,71195,71211,6072,0.0,10,0.0
489,1987,3,Williams,75243,75259,6328,137.0,1,34.42211055276382
488,1987,1,McLaren,75268,75284,6328,76.0,2,19.09547738693467
496,1987,32,Team Lotus,75251,75267,6328,64.0,3,16.08040201005025
490,1987,6,Ferrari,75307,75323,6328,53.0,4,13.316582914572864
493,1987,22,Benetton,75292,75308,6328,28.0,5,7.035175879396985
492,1987,21,Arrows,75317,75333,6328,11.0,6,2.763819095477387
494,1987,25,Tyrrell,75294,75310,6328,11.0,6,2.763819095477387
498,1987,34,Brabham,75339,75355,6328,10.0,7,2.512562814070352
497,1987,33,Larrousse,70739,70754,5940,3.0,8,0.7537688442211055
503,1987,49,Zakspeed,75333,75349,6328,2.0,9,0.5025125628140703
495,1987,27,Ligier,70757,70772,5940,1.0,10,0.25125628140703515
499,1987,37,March,75366,75382,6328,1.0,10,0.25125628140703515
500,1987,39,AGS,65801,65815,5528,1.0,10,0.25125628140703515
491,1987,18,Minardi,75382,75398,6328,0.0,11,0.0
501,1987,42,Coloni,9534,9536,798,0.0,11,0.0
502,1987,45,Osella,75400,75416,6328,0.0,11,0.0
475,1986,3,Williams,78833,78849,6584,141.0,1,35.25
474,1986,1,McLaren,78848,78864,6584,96.0,2,24.0
483,1986,32,Team Lotus,78874,78890,6584,58.0,3,14.499999999999998
476,1986,6,Ferrari,78884,78900,6584,37.0,4,9.25
482,1986,27,Ligier,78880,78896,6584,29.0,5,7.249999999999999
479,1986,22,Benetton,78912,78928,6584,19.0,6,4.75
480,1986,25,Tyrrell,78917,78933,6584,11.0,7,2.75
481,1986,26,Lola,78931,78947,6584,6.0,8,1.5
484,1986,34,Brabham,78935,78951,6584,2.0,9,0.5
478,1986,21,Arrows,78918,78934,6584,1.0,10,0.25
477,1986,18,Minardi,78979,78995,6584,0.0,11,0.0
485,1986,39,AGS,10004,10006,833,0.0,11,0.0
486,1986,45,Osella,78968,78984,6584,0.0,11,0.0
487,1986,49,Zakspeed,78942,78958,6584,0.0,11,0.0
457,1985,1,McLaren,82393,82409,6840,90.0,1,22.5
460,1985,6,Ferrari,82404,82420,6840,82.0,2,20.5
458,1985,3,Williams,82422,82438,6840,71.0,3,17.75
466,1985,32,Team Lotus,82404,82420,6840,71.0,3,17.75
467,1985,34,Brabham,82459,82475,6840,26.0,4,6.5
465,1985,27,Ligier,77206,77221,6406,23.0,5,5.75
459,1985,4,Renault,77197,77212,6406,16.0,6,4.0
462,1985,21,Arrows,82440,82456,6840,14.0,7,3.5000000000000004
463,1985,25,Tyrrell,82446,82462,6840,7.0,8,1.7500000000000002
461,1985,18,Minardi,77427,77442,6417,0.0,9,0.0
464,1985,26,Lola,20978,20982,1733,0.0,9,0.0
468,1985,45,Osella,77267,77282,6407,0.0,9,0.0
469,1985,49,Zakspeed,51536,51546,4271,0.0,9,0.0
470,1985,50,RAM,71999,72013,5971,0.0,9,0.0
471,1985,51,Alfa Romeo,82498,82514,6840,0.0,9,0.0
472,1985,52,Spirit,15195,15198,1263,0.0,9,0.0
473,1985,53,Toleman,67341,67354,5577,0.0,9,0.0
442,1984,1,McLaren,86138,86154,7096,143.5,1,37.41851368970013
445,1984,6,Ferrari,86170,86186,7096,57.5,2,14.993481095176012
449,1984,32,Team Lotus,86179,86195,7096,47.0,3,12.25554106910039
450,1984,34,Brabham,86205,86221,7096,38.0,4,9.908735332464145
444,1984,4,Renault,86197,86213,7096,34.0,5,8.865710560625816
443,1984,3,Williams,86240,86256,7096,25.5,6,6.6492829204693615
455,1984,53,Toleman,86238,86254,7096,16.0,7,4.172099087353325
453,1984,51,Alfa Romeo,86234,86250,7096,11.0,8,2.8683181225554106
446,1984,21,Arrows,86241,86257,7096,6.0,9,1.564537157757497
448,1984,27,Ligier,86234,86250,7096,3.0,10,0.7822685788787485
451,1984,45,Osella,86270,86286,7096,2.0,11,0.5215123859191656
447,1984,25,Tyrrell,69795,69808,5746,0.0,12,0.0
452,1984,50,RAM,86263,86279,7096,0.0,12,0.0
454,1984,52,Spirit,86274,86290,7096,0.0,12,0.0
456,1984,54,ATS,86278,86294,7096,0.0,12,0.0
429,1983,6,Ferrari,84235,84250,6885,89.0,1,24.119241192411923
428,1983,4,Renault,84239,84254,6885,79.0,2,21.40921409214092
434,1983,34,Brabham,84236,84251,6885,72.0,3,19.51219512195122
427,1983,3,Williams,84256,84271,6885,38.0,4,10.29810298102981
426,1983,1,McLaren,84282,84297,6885,34.0,5,9.214092140921409
437,1983,51,Alfa Romeo,84299,84314,6885,18.0,6,4.878048780487805
431,1983,25,Tyrrell,84298,84313,6885,12.0,7,3.2520325203252036
433,1983,32,Team Lotus,84306,84321,6885,12.0,7,3.2520325203252036
439,1983,53,Toleman,84307,84322,6885,10.0,8,2.710027100271003
430,1983,21,Arrows,84281,84296,6885,4.0,9,1.084010840108401
441,1983,55,Theodore,78602,78616,6419,1.0,10,0.27100271002710025
432,1983,27,Ligier,84306,84321,6885,0.0,11,0.0
435,1983,45,Osella,84365,84380,6885,0.0,11,0.0
436,1983,50,RAM,78785,78799,6427,0.0,11,0.0
438,1983,52,Spirit,34059,34065,2775,0.0,11,0.0
440,1983,54,ATS,84353,84368,6885,0.0,11,0.0
412,1982,6,Ferrari,93750,93766,7592,74.0,1,18.546365914786968
409,1982,1,McLaren,87925,87940,7122,69.0,2,17.293233082706767
411,1982,4,Renault,93750,93766,7592,62.0,3,15.538847117794486
410,1982,3,Williams,87932,87947,7122,58.0,4,14.536340852130325
417,1982,34,Brabham,88002,88017,7122,41.0,5,10.275689223057643
416,1982,32,Team Lotus,87961,87976,7122,30.0,6,7.518796992481203
414,1982,25,Tyrrell,93749,93765,7592,25.0,7,6.265664160401002
415,1982,27,Ligier,87998,88013,7122,20.0,8,5.012531328320802
420,1982,51,Alfa Romeo,93788,93804,7592,7.0,9,1.7543859649122806
413,1982,21,Arrows,87992,88007,7122,5.0,10,1.2531328320802004
422,1982,54,ATS,93819,93835,7592,4.0,11,1.0025062656641603
419,1982,45,Osella,93860,93876,7592,3.0,12,0.7518796992481203
424,1982,56,Fittipaldi,82155,82169,6645,1.0,13,0.2506265664160401
418,1982,37,March,88025,88040,7122,0.0,14,0.0
421,1982,53,Toleman,82162,82176,6645,0.0,14,0.0
423,1982,55,Theodore,88084,88099,7122,0.0,14,0.0
425,1982,57,Ensign,88083,88098,7122,0.0,14,0.0
393,1981,3,Williams,91704,91719,7350,95.0,1,25.333333333333336
400,1981,34,Brabham,91724,91739,7350,61.0,2,16.266666666666666
394,1981,4,Renault,91739,91754,7350,54.0,3,14.399999999999999
398,1981,27,Ligier,91746,91761,7350,44.0,4,11.733333333333333
395,1981,6,Ferrari,91758,91773,7350,34.0,5,9.066666666666666
392,1981,1,McLaren,91741,91756,7350,28.0,6,7.466666666666668
399,1981,32,Team Lotus,91758,91773,7350,22.0,7,5.866666666666666
396,1981,21,Arrows,91798,91813,7350,10.0,8,2.666666666666667
397,1981,25,Tyrrell,91781,91796,7350,10.0,8,2.666666666666667
403,1981,51,Alfa Romeo,91768,91783,7350,10.0,8,2.666666666666667
408,1981,57,Ensign,91809,91824,7350,5.0,9,1.3333333333333335
405,1981,54,ATS,91839,91854,7350,1.0,10,0.26666666666666666
406,1981,55,Theodore,91806,91821,7350,1.0,10,0.26666666666666666
401,1981,37,March,91843,91858,7350,0.0,11,0.0
402,1981,45,Osella,91834,91849,7350,0.0,11,0.0
404,1981,53,Toleman,73808,73820,5898,0.0,11,0.0
407,1981,56,Fittipaldi,85664,85678,6857,0.0,11,0.0
378,1980,3,Williams,88810,88824,7063,120.0,1,34.285714285714285
383,1980,27,Ligier,88825,88839,7063,66.0,2,18.857142857142858
385,1980,34,Brabham,88834,88848,7063,55.0,3,15.714285714285714
379,1980,4,Renault,88859,88873,7063,38.0,4,10.857142857142858
384,1980,32,Team Lotus,88882,88896,7063,14.0,5,4.0
382,1980,25,Tyrrell,88877,88891,7063,12.0,6,3.428571428571429
377,1980,1,McLaren,88866,88880,7063,11.0,7,3.1428571428571432
381,1980,21,Arrows,88883,88897,7063,11.0,7,3.1428571428571432
389,1980,56,Fittipaldi,88877,88891,7063,11.0,7,3.1428571428571432
380,1980,6,Ferrari,88870,88884,7063,8.0,8,2.2857142857142856
387,1980,51,Alfa Romeo,88918,88932,7063,4.0,9,1.1428571428571428
386,1980,45,Osella,88953,88967,7063,0.0,10,0.0
388,1980,54,ATS,88916,88930,7063,0.0,10,0.0
390,1980,57,Ensign,88945,88959,7063,0.0,10,0.0
391,1980,58,Shadow,44126,44133,3507,0.0,10,0.0
360,1979,6,Ferrari,100865,192203,7785,113.0,1,30.0531914893617
358,1979,3,Williams,100840,192236,7785,75.0,2,19.9468085106383
363,1979,27,Ligier,106515,192245,7785,61.0,3,16.22340425531915
364,1979,32,Team Lotus,103691,192252,7785,39.0,4,10.372340425531915
362,1979,25,Tyrrell,98023,192238,7785,28.0,5,7.446808510638298
359,1979,4,Renault,103706,192288,7785,26.0,6,6.914893617021277
357,1979,1,McLaren,103618,192266,7785,15.0,7,3.9893617021276597
376,1979,204,Brabham-Alfa Romeo,101925,179242,6734,7.0,8,1.8617021276595744
361,1979,21,Arrows,98004,192277,7785,5.0,9,1.3297872340425532
370,1979,58,Shadow,103647,192295,7785,3.0,10,0.7978723404255319
367,1979,54,ATS,120708,192331,7785,2.0,11,0.5319148936170213
365,1979,34,Brabham,13040,13093,1036,1.0,12,0.26595744680851063
368,1979,56,Fittipaldi,109336,192306,7785,1.0,12,0.26595744680851063
366,1979,51,Alfa Romeo,38475,69154,2611,0.0,13,0.0
369,1979,57,Ensign,120591,192351,7785,0.0,13,0.0
371,1979,59,Wolf,117819,192330,7785,0.0,13,0.0
372,1979,60,Merzario,134861,192393,7785,0.0,13,0.0
373,1979,61,Kauhsen,18714,27493,1033,0.0,13,0.0
374,1979,62,Rebaque,25388,41633,1575,0.0,13,0.0
375,1979,182,Brabham-Ford,13218,27756,1051,0.0,13,0.0
345,1978,32,Team Lotus,112681,216363,8552,86.0,1,25.072886297376094
341,1978,6,Ferrari,107568,216369,8552,58.0,2,16.909620991253643
346,1978,34,Brabham,112709,216387,8552,53.0,3,15.451895043731778
343,1978,25,Tyrrell,112675,216391,8552,38.0,4,11.078717201166182
352,1978,59,Wolf,112732,216420,8552,24.0,5,6.997084548104956
344,1978,27,Ligier,110066,216400,8552,19.0,6,5.539358600583091
349,1978,56,Fittipaldi,122996,216434,8552,17.0,7,4.956268221574344
338,1978,1,McLaren,107541,216396,8552,15.0,8,4.373177842565598
339,1978,3,Williams,112629,216441,8552,11.0,9,3.206997084548105
342,1978,21,Arrows,111059,203046,8025,11.0,9,3.206997084548105
351,1978,58,Shadow,117794,216460,8552,6.0,10,1.749271137026239
340,1978,4,Renault,107024,189665,7497,3.0,11,0.8746355685131195
350,1978,57,Ensign,133405,216494,8552,1.0,12,0.2915451895043732
354,1978,63,Surtees,122872,216481,8552,1.0,12,0.2915451895043732
347,1978,54,ATS,120231,216476,8552,0.0,13,0.0
348,1978,55,Theodore,62304,94197,3710,0.0,13,0.0
353,1978,60,Merzario,141010,216531,8552,0.0,13,0.0
355,1978,64,Hesketh,55642,80689,3177,0.0,13,0.0
356,1978,65,Martini,61614,108347,4282,0.0,13,0.0
319,1977,6,Ferrari,117370,225308,9367,97.0,1,24.43324937027708
322,1977,32,Team Lotus,124203,225359,9367,62.0,2,15.617128463476071
317,1977,1,McLaren,122011,225342,9367,60.0,3,15.113350125944585
328,1977,59,Wolf,126638,225374,9367,55.0,4,13.85390428211587
320,1977,25,Tyrrell,126587,225387,9367,27.0,5,6.801007556675064
323,1977,34,Brabham,124281,225373,9367,27.0,5,6.801007556675064
327,1977,58,Shadow,124323,225392,9367,23.0,6,5.793450881612091
321,1977,27,Ligier,131239,225400,9367,18.0,7,4.534005037783375
325,1977,56,Fittipaldi,126455,212042,8808,11.0,8,2.770780856423174
326,1977,57,Ensign,133564,225409,9367,10.0,9,2.518891687657431
329,1977,63,Surtees,126548,225404,9367,6.0,10,1.5113350125944585
332,1977,67,Penske,101354,172580,7176,1.0,11,0.2518891687657431
318,1977,4,Renault,41592,66677,2778,0.0,12,0.0
324,1977,37,March,131204,225425,9367,0.0,12,0.0
330,1977,64,Hesketh,94530,159393,6630,0.0,12,0.0
331,1977,66,BRM,92145,132528,5502,0.0,12,0.0
333,1977,68,LEC,41390,66213,2749,0.0,12,0.0
334,1977,69,McGuire,9223,13282,552,0.0,12,0.0
335,1977,70,Boro,16180,26667,1111,0.0,12,0.0
336,1977,71,Apollon,9244,13346,556,0.0,12,0.0
337,1977,72,Kojima,9255,13385,559,0.0,12,0.0
298,1976,6,Ferrari,108107,195141,8510,83.0,1,23.78223495702006
296,1976,1,McLaren,115164,208201,9080,75.0,2,21.48997134670487
299,1976,25,Tyrrell,115208,208195,9080,71.0,3,20.34383954154728
301,1976,32,Team Lotus,123501,208265,9080,29.0,4,8.30945558739255
300,1976,27,Ligier,127567,208273,9080,20.0,5,5.730659025787966
310,1976,67,Penske,123490,208264,9080,20.0,5,5.730659025787966
302,1976,37,March,123432,208258,9080,19.0,6,5.444126074498568
305,1976,58,Shadow,115130,208248,9080,10.0,7,2.865329512893983
316,1976,204,Brabham-Alfa Romeo,127510,208282,9080,9.0,8,2.5787965616045847
307,1976,63,Surtees,110221,195363,8520,7.0,9,2.005730659025788
303,1976,56,Fittipaldi,133819,208314,9080,3.0,10,0.8595988538681949
304,1976,57,Ensign,115520,182271,7945,2.0,11,0.5730659025787965
313,1976,73,Parnelli,16112,25850,1123,1.0,12,0.28653295128939826
297,1976,3,Williams,16109,25858,1123,0.0,13,0.0
306,1976,59,Wolf,131633,208320,9080,0.0,13,0.0
308,1976,64,Hesketh,120655,195408,8520,0.0,13,0.0
309,1976,66,BRM,9102,12909,560,0.0,13,0.0
311,1976,70,Boro,50633,78064,3401,0.0,13,0.0
312,1976,72,Kojima,7138,13129,575,0.0,13,0.0
314,1976,74,Maki,9179,13135,575,0.0,13,0.0
315,1976,182,Brabham-Ford,59803,91076,3967,0.0,13,0.0
278,1975,6,Ferrari,110194,178221,8155,72.5,1,25.663716814159294
282,1975,34,Brabham,108367,178238,8155,56.0,2,19.82300884955752
276,1975,1,McLaren,108328,178239,8155,53.0,3,18.761061946902654
287,1975,64,Hesketh,112042,178265,8155,33.0,4,11.68141592920354
279,1975,25,Tyrrell,106658,178267,8155,25.0,5,8.849557522123893
294,1975,202,Shadow-Ford,104754,178281,8155,9.5,6,3.3628318584070795
281,1975,32,Team Lotus,104772,178289,8155,9.0,7,3.185840707964602
283,1975,37,March,112175,178311,8155,7.5,8,2.6548672566371683
277,1975,3,Williams,112101,178323,8155,6.0,9,2.1238938053097343
290,1975,73,Parnelli,95806,152875,6991,5.0,10,1.7699115044247788
292,1975,75,Embassy Hill,83257,140544,6423,3.0,11,1.0619469026548671
289,1975,67,Penske,77621,126898,5809,2.0,12,0.7079646017699115
285,1975,57,Ensign,68866,115154,5261,1.0,13,0.35398230088495575
280,1975,26,Lola,30528,50358,2310,0.0,14,0.0
284,1975,56,Fittipaldi,114061,178353,8155,0.0,14,0.0
286,1975,63,Surtees,82996,139709,6392,0.0,14,0.0
288,1975,66,BRM,90409,139779,6395,0.0,14,0.0
291,1975,74,Maki,45438,64234,2929,0.0,14,0.0
293,1975,76,Lyncar,7244,12831,585,0.0,14,0.0
295,1975,203,Shadow-Matra,14540,25739,1175,0.0,14,0.0
256,1974,1,McLaren,110450,186609,8955,75.0,1,23.809523809523807
257,1974,6,Ferrari,113743,186627,8955,65.0,2,20.634920634920633
258,1974,25,Tyrrell,112049,186623,8955,52.0,3,16.507936507936506
260,1974,32,Team Lotus,120314,186661,8955,42.0,4,13.333333333333334
261,1974,34,Brabham,112048,186641,8955,35.0,5,11.11111111111111
266,1974,64,Hesketh,105612,161979,7774,15.0,6,4.761904761904762
267,1974,66,BRM,118519,186684,8955,10.0,7,3.1746031746031744
264,1974,58,Shadow,108030,174304,8363,7.0,8,2.2222222222222223
262,1974,37,March,115231,186683,8955,6.0,9,1.9047619047619049
275,1974,80,Iso Marlboro,121847,186710,8955,4.0,10,1.2698412698412698
265,1974,63,Surtees,123452,186715,8955,3.0,11,0.9523809523809524
259,1974,26,Lola,113710,186681,8955,1.0,12,0.31746031746031744
263,1974,57,Ensign,90842,137253,6589,0.0,13,0.0
268,1974,67,Penske,16441,25089,1207,0.0,13,0.0
269,1974,73,Parnelli,16448,25088,1207,0.0,13,0.0
270,1974,74,Maki,18009,24975,1199,0.0,13,0.0
271,1974,76,Lyncar,9001,12478,599,0.0,13,0.0
272,1974,77,Trojan,63807,99650,4781,0.0,13,0.0
273,1974,78,Amon,35986,49835,2390,0.0,13,0.0
274,1974,79,Token,32764,49876,2394,0.0,13,0.0
247,1973,32,Team Lotus,116745,183624,9180,96.0,1,30.094043887147336
246,1973,25,Tyrrell,116717,183632,9180,86.0,2,26.959247648902824
244,1973,1,McLaren,115279,183640,9180,58.0,3,18.181818181818183
248,1973,34,Brabham,113824,183667,9180,22.0,4,6.896551724137931
249,1973,37,March,119612,183686,9180,14.0,5,4.38871473354232
245,1973,6,Ferrari,103120,159103,7951,12.0,6,3.761755485893417
253,1973,66,BRM,118159,183688,9180,12.0,6,3.761755485893417
251,1973,58,Shadow,101783,159481,7969,9.0,7,2.8213166144200628
252,1973,63,Surtees,122493,183701,9180,7.0,8,2.19435736677116
254,1973,80,Iso Marlboro,121065,183708,9180,2.0,9,0.6269592476489028
255,1973,81,Tecno,34288,49004,2446,1.0,10,0.3134796238244514
250,1973,57,Ensign,61208,86151,4309,0.0,11,0.0
235,1972,32,Team Lotus,96356,145322,7506,61.0,1,23.106060606060606
232,1972,1,McLaren,92446,145316,7506,53.0,2,20.075757575757574
234,1972,25,Tyrrell,93744,145325,7506,51.0,3,19.318181818181817
233,1972,6,Ferrari,93725,145337,7506,33.0,4,12.5
238,1972,63,Surtees,93746,145345,7506,18.0,5,6.8181818181818175
237,1972,37,March,92423,145343,7506,15.0,6,5.681818181818182
239,1972,66,BRM,97632,145357,7506,14.0,7,5.303030303030303
241,1972,82,Matra,96325,145356,7506,12.0,8,4.545454545454546
236,1972,34,Brabham,92387,145353,7506,7.0,9,2.6515151515151514
240,1972,81,Tecno,52157,72832,3765,0.0,10,0.0
242,1972,83,Politoys,8906,12124,626,0.0,10,0.0
243,1972,84,Connew,8911,12144,628,0.0,10,0.0
222,1971,25,Tyrrell,86793,130792,7007,73.0,1,31.877729257641924
225,1971,66,BRM,86789,130814,7007,36.0,2,15.72052401746725
230,1971,200,March-Ford,88005,130811,7007,34.0,3,14.847161572052403
221,1971,6,Ferrari,89166,130823,7007,33.0,4,14.41048034934498
228,1971,180,Lotus-Ford,80283,118900,6367,21.0,5,9.170305676855897
220,1971,1,McLaren,89144,130835,7007,10.0,6,4.366812227074235
226,1971,82,Matra,80274,118914,6368,9.0,7,3.9301310043668125
224,1971,63,Surtees,86739,130828,7007,8.0,8,3.4934497816593884
223,1971,34,Brabham,90335,130835,7007,5.0,9,2.1834061135371177
227,1971,85,Bellasi,8879,11928,640,0.0,10,0.0
229,1971,199,March-Alfa Romeo,62082,83322,4464,0.0,10,0.0
231,1971,201,Lotus-Pratt &amp; Whitney,25411,35696,1912,0.0,10,0.0
210,1970,32,Team Lotus,108191,153045,8437,62.0,1,21.232876712328768
208,1970,6,Ferrari,107058,153041,8437,61.0,2,20.89041095890411
212,1970,37,March,106041,153035,8437,48.0,3,16.43835616438356
211,1970,34,Brabham,106067,153053,8437,35.0,4,11.986301369863012
218,1970,187,McLaren-Ford,95164,141298,7791,35.0,4,11.986301369863012
214,1970,66,BRM,102812,153056,8437,25.0,5,8.561643835616438
215,1970,82,Matra,101797,153053,8437,23.0,6,7.876712328767123
213,1970,63,Surtees,54357,82628,4564,3.0,7,1.0273972602739725
209,1970,25,Tyrrell,25473,35486,1962,0.0,8,0.0
216,1970,85,Bellasi,44191,58914,3248,0.0,8,0.0
217,1970,86,De Tomaso,82896,117721,6485,0.0,8,0.0
219,1970,198,McLaren-Alfa Romeo,85149,117795,6493,0.0,8,0.0
206,1969,196,Matra-Ford,91795,127079,7271,66.0,1,30.275229357798167
201,1969,182,Brabham-Ford,92677,127087,7271,51.0,2,23.394495412844037
200,1969,180,Lotus-Ford,92741,127089,7271,47.0,3,21.55963302752294
203,1969,187,McLaren-Ford,89798,127090,7271,40.0,4,18.34862385321101
197,1969,6,Ferrari,80090,115549,6609,7.0,5,3.211009174311927
198,1969,66,BRM,83049,115560,6611,7.0,5,3.211009174311927
199,1969,167,Cooper-Maserati,7802,11536,658,0.0,6,0.0
202,1969,183,Brabham-Climax,8799,11576,664,0.0,6,0.0
204,1969,189,Eagle-Climax,7821,11575,664,0.0,6,0.0
205,1969,191,Brabham-Repco,7796,11524,656,0.0,6,0.0
207,1969,197,BRM-Ford,7812,11561,662,0.0,6,0.0
189,1968,180,Lotus-Ford,97072,135819,8070,62.0,1,23.39622641509434
191,1968,187,McLaren-Ford,87489,124560,7403,49.0,2,18.49056603773585
196,1968,196,Matra-Ford,95326,135825,8070,45.0,3,16.9811320754717
181,1968,6,Ferrari,89189,124553,7401,32.0,4,12.075471698113208
184,1968,66,BRM,96215,135837,8070,28.0,5,10.566037735849058
182,1968,11,Honda,98800,135856,8070,14.0,6,5.283018867924529
195,1968,195,Cooper-BRM,99682,135866,8070,14.0,6,5.283018867924529
193,1968,191,Brabham-Repco,101430,135863,8070,10.0,7,3.7735849056603774
185,1968,82,Matra,82221,113321,6735,8.0,8,3.018867924528302
194,1968,194,McLaren-BRM,67318,90564,5378,3.0,9,1.1320754716981132
180,1968,1,McLaren,16645,22706,1351,0.0,10,0.0
183,1968,26,Lola,8748,11337,674,0.0,10,0.0
186,1968,89,LDS,8725,11268,667,0.0,10,0.0
187,1968,167,Cooper-Maserati,7832,11264,667,0.0,10,0.0
188,1968,170,Cooper-Climax,8726,11269,667,0.0,10,0.0
190,1968,183,Brabham-Climax,8723,11266,667,0.0,10,0.0
192,1968,190,Eagle-Weslake,42834,56568,3358,0.0,10,0.0
177,1967,191,Brabham-Repco,87824,123250,7524,67.0,1,29.385964912280706
170,1967,180,Lotus-Ford,71983,100931,6165,44.0,2,19.298245614035086
166,1967,167,Cooper-Maserati,88259,123273,7524,28.0,3,12.280701754385964
160,1967,6,Ferrari,79411,112112,6845,20.0,4,8.771929824561402
161,1967,11,Honda,72914,100854,6155,20.0,4,8.771929824561402
163,1967,66,BRM,88581,123282,7524,19.0,5,8.333333333333332
176,1967,190,Eagle-Weslake,75345,100881,6156,13.0,6,5.701754385964912
167,1967,170,Cooper-Climax,16303,22388,1365,6.0,7,2.631578947368421
169,1967,176,Lotus-BRM,41374,55994,3415,6.0,7,2.631578947368421
179,1967,194,McLaren-BRM,50102,67323,4111,3.0,8,1.3157894736842104
172,1967,183,Brabham-Climax,49464,67118,4089,2.0,9,0.8771929824561403
162,1967,26,Lola,8399,11218,685,0.0,10,0.0
164,1967,82,Matra,16812,22394,1365,0.0,10,0.0
165,1967,90,Protos,8396,11221,685,0.0,10,0.0
168,1967,172,Lotus-Climax,7913,11171,680,0.0,10,0.0
171,1967,182,Brabham-Ford,7942,11216,685,0.0,10,0.0
173,1967,184,LDS-Climax,8421,11161,679,0.0,10,0.0
174,1967,187,McLaren-Ford,15929,22497,1377,0.0,10,0.0
175,1967,189,Eagle-Climax,33947,44827,2734,0.0,10,0.0
178,1967,193,Cooper-ATS,8400,11210,684,0.0,10,0.0
158,1966,191,Brabham-Repco,75130,99988,6246,55.0,1,31.07344632768362
149,1966,167,Cooper-Maserati,75588,99989,6246,35.0,2,19.774011299435028
145,1966,6,Ferrari,58272,77743,4855,32.0,3,18.07909604519774
147,1966,66,BRM,73802,100002,6246,22.0,4,12.429378531073446
151,1966,176,Lotus-BRM,73262,100013,6246,13.0,5,7.344632768361582
150,1966,172,Lotus-Climax,65278,88858,5548,8.0,6,4.519774011299435
156,1966,189,Eagle-Climax,65243,88950,5556,4.0,7,2.2598870056497176
146,1966,11,Honda,24445,33427,2091,3.0,8,1.694915254237288
154,1966,187,McLaren-Ford,24883,33371,2085,2.0,9,1.1299435028248588
152,1966,181,Brabham-BRM,48792,66646,4160,1.0,10,0.5649717514124294
153,1966,183,Brabham-Climax,56815,77729,4851,1.0,10,0.5649717514124294
155,1966,188,McLaren-Serenissima,16423,22188,1384,1.0,10,0.5649717514124294
148,1966,91,Shannon,8429,11107,693,0.0,11,0.0
157,1966,190,Eagle-Weslake,24442,33436,2091,0.0,11,0.0
159,1966,192,Cooper-Ferrari,15987,22228,1388,0.0,11,0.0
132,1965,66,BRM,84023,109398,7035,61.0,1,29.1866028708134
136,1965,172,Lotus-Climax,83962,109404,7035,58.0,2,27.751196172248804
141,1965,183,Brabham-Climax,82602,109410,7035,31.0,3,14.832535885167463
129,1965,6,Ferrari,82226,109414,7035,27.0,4,12.918660287081341
135,1965,170,Cooper-Climax,82180,109425,7035,14.0,5,6.698564593301436
130,1965,11,Honda,65178,87575,5631,11.0,6,5.263157894736842
139,1965,181,Brabham-BRM,82137,109432,7035,5.0,7,2.3923444976076556
137,1965,176,Lotus-BRM,81731,109442,7035,2.0,8,0.9569377990430622
131,1965,51,Alfa Romeo,8499,10903,699,0.0,9,0.0
133,1965,93,RE,8018,10909,699,0.0,9,0.0
134,1965,167,Cooper-Maserati,8017,10910,699,0.0,9,0.0
138,1965,180,Lotus-Ford,8019,10908,699,0.0,9,0.0
140,1965,182,Brabham-Ford,8500,10902,699,0.0,9,0.0
142,1965,184,LDS-Climax,8020,10907,699,0.0,9,0.0
143,1965,185,LDS-Alfa Romeo,8497,10905,699,0.0,9,0.0
144,1965,186,Cooper-Ford,16492,21849,1402,0.0,9,0.0
118,1964,66,BRM,84450,107619,7135,51.0,1,25.37313432835821
116,1964,6,Ferrari,83467,107624,7135,49.0,2,24.378109452736318
124,1964,172,Lotus-Climax,83553,107626,7135,40.0,3,19.900497512437813
128,1964,183,Brabham-Climax,81710,107635,7135,30.0,4,14.925373134328357
123,1964,170,Cooper-Climax,81723,107644,7135,16.0,5,7.960199004975125
126,1964,181,Brabham-BRM,65997,86181,5715,7.0,6,3.482587064676617
120,1964,94,BRP,65574,86145,5711,5.0,7,2.4875621890547266
125,1964,176,Lotus-BRM,82106,107656,7135,3.0,8,1.4925373134328357
117,1964,11,Honda,24689,32358,2147,0.0,9,0.0
119,1964,92,Scirocco,25547,32247,2134,0.0,9,0.0
121,1964,95,Porsche,8518,10738,710,0.0,9,0.0
122,1964,96,Derrington,8509,10789,716,0.0,9,0.0
127,1964,182,Brabham-Ford,8512,10763,713,0.0,9,0.0
110,1963,172,Lotus-Climax,85385,105713,7235,74.0,1,34.25925925925926
100,1963,66,BRM,84913,105726,7235,45.0,2,20.833333333333336
97,1963,34,Brabham,83118,105741,7235,30.0,3,13.88888888888889
94,1963,6,Ferrari,83651,105748,7235,26.0,4,12.037037037037036
109,1963,170,Cooper-Climax,83665,105742,7235,26.0,4,12.037037037037036
104,1963,94,BRP,41992,52806,3611,6.0,5,2.7777777777777777
105,1963,95,Porsche,74117,95210,6513,5.0,6,2.314814814814815
112,1963,176,Lotus-BRM,82244,105762,7235,4.0,7,1.8518518518518516
95,1963,26,Lola,82167,105778,7235,0.0,8,0.0
96,1963,32,Team Lotus,8546,10622,727,0.0,8,0.0
98,1963,51,Alfa Romeo,8564,10632,728,0.0,8,0.0
99,1963,54,ATS,75308,95164,6507,0.0,8,0.0
101,1963,86,De Tomaso,25670,31664,2164,0.0,8,0.0
102,1963,89,LDS,8567,10629,728,0.0,8,0.0
103,1963,92,Scirocco,57328,73926,5054,0.0,8,0.0
106,1963,97,Gilby,24422,31753,2172,0.0,8,0.0
107,1963,98,Stebro,8157,10608,726,0.0,8,0.0
108,1963,167,Cooper-Maserati,16712,21230,1453,0.0,8,0.0
111,1963,173,Lotus-Maserati,8549,10602,725,0.0,8,0.0
113,1963,177,Lotus-Borgward,8552,10586,724,0.0,8,0.0
114,1963,179,De Tomaso-Ferrari,8550,10601,725,0.0,8,0.0
115,1963,180,Lotus-Ford,8565,10631,728,0.0,8,0.0
79,1962,66,BRM,75439,93245,6597,56.0,1,28.865979381443296
88,1962,172,Lotus-Climax,75011,93254,6597,38.0,2,19.587628865979383
87,1962,170,Cooper-Climax,75863,93253,6597,37.0,3,19.072164948453608
76,1962,26,Lola,74968,93268,6597,19.0,4,9.793814432989691
83,1962,95,Porsche,74160,93262,6597,19.0,4,9.793814432989691
75,1962,6,Ferrari,49982,62120,4392,18.0,5,9.278350515463918
78,1962,34,Brabham,24613,31161,2207,6.0,6,3.0927835051546393
91,1962,176,Lotus-BRM,58602,72556,5131,1.0,7,0.5154639175257731
77,1962,32,Team Lotus,8611,10356,732,0.0,8,0.0
80,1962,86,De Tomaso,8607,10386,735,0.0,8,0.0
81,1962,87,Cooper,8183,10354,732,0.0,8,0.0
82,1962,89,LDS,8210,10400,737,0.0,8,0.0
84,1962,97,Gilby,24996,31123,2202,0.0,8,0.0
85,1962,99,Emeryson,33160,41480,2934,0.0,8,0.0
86,1962,100,ENB,8194,10372,734,0.0,8,0.0
89,1962,174,De Tomaso-Osca,8608,10385,735,0.0,8,0.0
90,1962,175,De Tomaso-Alfa Romeo,8172,10341,730,0.0,8,0.0
92,1962,177,Lotus-Borgward,8606,10387,735,0.0,8,0.0
93,1962,178,Cooper-Alfa Romeo,8604,10402,737,0.0,8,0.0
61,1961,6,Ferrari,60522,71496,5187,67.0,1,44.370860927152314
71,1961,172,Lotus-Climax,67514,81756,5932,35.0,2,23.178807947019866
63,1961,95,Porsche,66686,81757,5932,23.0,3,15.2317880794702
70,1961,170,Cooper-Climax,68305,81758,5932,19.0,4,12.582781456953644
62,1961,66,BRM,66647,81770,5932,7.0,5,4.635761589403973
64,1961,97,Gilby,8632,10226,742,0.0,6,0.0
65,1961,99,Emeryson,32906,40891,2965,0.0,6,0.0
66,1961,101,JBW,16455,20463,1485,0.0,6,0.0
67,1961,102,Ferguson,8234,10227,742,0.0,6,0.0
68,1961,103,MBM,8236,10235,743,0.0,6,0.0
69,1961,167,Cooper-Maserati,49780,61321,4448,0.0,6,0.0
72,1961,173,Lotus-Maserati,8243,10242,744,0.0,6,0.0
73,1961,174,De Tomaso-Osca,16467,20462,1485,0.0,6,0.0
74,1961,175,De Tomaso-Alfa Romeo,8242,10243,744,0.0,6,0.0
59,1960,170,Cooper-Climax,77001,90310,6757,58.0,1,36.94267515923567
39,1960,32,Team Lotus,68303,80258,6003,37.0,2,23.56687898089172
38,1960,6,Ferrari,68304,80255,6002,29.0,3,18.471337579617835
40,1960,66,BRM,68251,80274,6003,8.0,4,5.095541401273886
46,1960,107,Watson,8675,10013,748,8.0,4,5.095541401273886
47,1960,108,Epperly,8674,10014,748,4.0,5,2.547770700636943
48,1960,109,Phillips,8673,10015,748,3.0,6,1.910828025477707
58,1960,167,Cooper-Maserati,68192,80305,6007,3.0,6,1.910828025477707
60,1960,171,Cooper-Castellotti,43376,50228,3759,3.0,6,1.910828025477707
49,1960,110,Lesovsky,8672,10016,748,2.0,7,1.2738853503184715
41,1960,95,Porsche,8692,10058,754,1.0,8,0.6369426751592357
50,1960,111,Trevis,8671,10017,748,1.0,8,0.6369426751592357
42,1960,101,JBW,25651,30119,2253,0.0,9,0.0
43,1960,104,Behra-Porsche,16959,20063,1500,0.0,9,0.0
44,1960,105,Maserati,25976,30137,2255,0.0,9,0.0
45,1960,106,Scarab,43384,50184,3752,0.0,9,0.0
51,1960,112,Meskowski,8670,10018,748,0.0,9,0.0
52,1960,113,Kurtis Kraft,8669,10019,748,0.0,9,0.0
53,1960,114,Kuzma,8668,10020,748,0.0,9,0.0
54,1960,115,Christensen,8667,10021,748,0.0,9,0.0
55,1960,116,Ewing,8306,10022,748,0.0,9,0.0
56,1960,117,Aston Martin,16950,20075,1501,0.0,9,0.0
57,1960,118,Vanwall,8662,10041,751,0.0,9,0.0
37,1959,170,Cooper-Climax,67653,79227,6083,53.0,1,40.76923076923077
12,1959,6,Ferrari,59329,69314,5323,38.0,2,29.230769230769234
14,1959,66,BRM,49979,59447,4560,18.0,3,13.846153846153847
18,1959,107,Watson,8676,9894,757,8.0,4,6.153846153846154
13,1959,32,Team Lotus,66773,79255,6083,5.0,5,3.8461538461538463
21,1959,110,Lesovsky,8316,9895,757,5.0,5,3.8461538461538463
19,1959,108,Epperly,8315,9896,757,3.0,6,2.307692307692308
15,1959,95,Porsche,24909,29680,2278,0.0,7,0.0
16,1959,101,JBW,8299,9924,760,0.0,7,0.0
17,1959,105,Maserati,41425,49489,3802,0.0,7,0.0
20,1959,109,Phillips,8257,9902,757,0.0,7,0.0
22,1959,113,Kurtis Kraft,16594,19778,1521,0.0,7,0.0
23,1959,114,Kuzma,8262,9898,757,0.0,7,0.0
24,1959,115,Christensen,8256,9903,757,0.0,7,0.0
25,1959,117,Aston Martin,33256,39636,3043,0.0,7,0.0
26,1959,118,Vanwall,8298,9925,760,0.0,7,0.0
27,1959,119,Moore,8261,9899,757,0.0,7,0.0
28,1959,120,Dunn,8260,9900,757,0.0,7,0.0
29,1959,121,Elder,8258,9901,757,0.0,7,0.0
30,1959,122,Sutton,8283,9904,757,0.0,7,0.0
31,1959,123,Fry,8297,9926,760,0.0,7,0.0
32,1959,124,Tec-Mec,8278,9883,764,0.0,7,0.0
33,1959,125,Connaught,8276,9885,764,0.0,7,0.0
34,1959,167,Cooper-Maserati,58076,69346,5325,0.0,7,0.0
35,1959,168,Cooper-OSCA,8279,9882,764,0.0,7,0.0
36,1959,169,Cooper-Borgward,16579,19805,1524,0.0,7,0.0
3,1958,6,Ferrari,83581,96343,7702,61.0,1,34.07821229050279
9,1958,118,Vanwall,75194,86739,6937,58.0,2,32.402234636871505
6,1958,87,Cooper,83570,96354,7702,31.0,3,17.318435754189945
5,1958,66,BRM,75175,86758,6937,20.0,4,11.1731843575419
8,1958,105,Maserati,83556,96368,7702,6.0,5,3.35195530726257
4,1958,32,Team Lotus,75165,86768,6937,3.0,6,1.675977653631285
7,1958,95,Porsche,16718,19266,1539,0.0,7,0.0
10,1958,125,Connaught,16730,19254,1537,0.0,7,0.0
11,1958,127,OSCA,8380,9611,766,0.0,7,0.0
1,1956,105,Maserati,20794,29792,1574,28.0,1,57.14285714285714
0,1956,6,Ferrari,20792,29790,1574,21.0,2,42.857142857142854
2,1956,128,Gordini,10308,14807,790,0.0,3,0.0
